room_types,room_price,room_number
로즈마리,100000,50000
베고니아,110000,50000
아이리스,110000,50000
쟈스민,110000,50000
크로바,110000,50000
라벤더,120000,50000
데이지,180000,50000
프리지아,180000,50000
 , ,50001
 , ,50002
1호실,80000,50006
2호실,80000,50006
3호실,120000,50006
4호실,130000,50006
5호실,160000,50006
6호실,160000,50006
7호실,200000,50006
201호,70000,50007
202호,70000,50007
203호,70000,50007
204호,70000,50007
205호,100000,50007
206호,100000,50007
302호,150000,50007
가동 2호,200000,50008
가동 4호,200000,50008
가동 6호,200000,50008
나동 1호,200000,50008
나동 3호,200000,50008
가동 1호,250000,50008
가동 3호,250000,50008
가동 5호,350000,50008
 , ,50009
8평형,80000,50101
11평형,100000,50101
104,,50102
102,80000,50102
103,80000,50102
105,80000,50102
201,80000,50102
202,80000,50102
203,80000,50102
205,80000,50102
302,80000,50102
301,180000,50102
303,180000,50102
 , ,50103
커플B형,120000,50104
커플B형,120000,50104
커플B형,120000,50104
커플B형,120000,50104
커플B형,120000,50104
커플B형,120000,50104
커플A형1호,140000,50104
커플A형2호,140000,50104
커플A형3호,140000,50104
커플A형4호,140000,50104
커플특실3호,180000,50104
18평형,190000,50104
18평형,190000,50104
28평형,280000,50104
28평형,280000,50104
28평형,280000,50104
32평형,320000,50104
32평형,320000,50104
32평형,320000,50104
50평형,500000,50104
글램핑3(온돌방),139000,50105
글램핑5,139000,50105
글램핑6,139000,50105
글램핑7,139000,50105
글램핑8,139000,50105
글램핑9,139000,50105
편백나무펜션글램핑,189000,50105
독채민박,300000,50105
단체방,300000,50105
 , ,50106
체크인 시 배정,108000,50108
디럭스 트윈,113000,50108
디럭스 더블,113000,50108
쥬니어 스위트,119000,50108
슈페리어 더블,188000,50108
스탠다드 싱글,60000,50109
스탠다드 더블,65000,50109
스탠다드 트윈,65000,50109
스카이 스탠다드 더블,70000,50109
스카이 스탠다드 트윈,70000,50109
[메리뉴이어 2021 패키지] 스탠다드 더블 (일출뷰 객실),88000,50109
[메리뉴이어 2021 패키지] 스탠다드 트윈 (일출뷰 객실),88000,50109
주니어 스위트,120000,50109
[러브 앤 해피 패키지] 주니어 스위트,135000,50109
스위트,150000,50109
[러브 앤 해피 패키지] 스위트,165000,50109
 , ,50111
독채(132㎡),200000,50112
 , ,50115
2인 침대방,80000,50119
카라반 25,,50120
B202호(공동실내수영장),,50121
C102호(실내수영장),,50121
C202호(공동실내수영장),220000,50121
 , ,50124
글램핑펜션1,,50125
솔롱고글램핑1,129000,50125
솔롱고글램핑2,129000,50125
솔롱고글램핑3,129000,50125
솔롱고글램핑4,129000,50125
솔롱고글램핑5,129000,50125
글램핑펜션2,129000,50125
글램핑펜션3,129000,50125
글램핑펜션4,129000,50125
글램핑펜션5,129000,50125
글램핑펜션7,129000,50125
솔롱고글램핑6,129000,50125
독채,350000,50125
 , ,50126
마카롱,,50127
 , ,50128
 , ,50129
금강,150000,50131
소백,150000,50131
청계,150000,50131
태백,150000,50131
한라,150000,50131
능강,240000,50131
송계,240000,50131
카라반5,,50135
카라반9,,50135
수로존글램핑1,150000,50135
수로존글램핑10,150000,50135
수로존글램핑11,150000,50135
수로존글램핑2,150000,50135
수로존글램핑3,150000,50135
수로존글램핑4,150000,50135
수로존글램핑5,150000,50135
수로존글램핑6,150000,50135
수로존글램핑7,150000,50135
수로존글램핑8,150000,50135
수로존글램핑9,150000,50135
카라반1,180000,50135
카라반10,180000,50135
카라반2,180000,50135
카라반3,180000,50135
카라반4,180000,50135
카라반8,180000,50135
카라반6,200000,50135
카라반7,200000,50135
미니(no PC),15000,50136
스타일(일반 노하드-옵치/넷플릭스),18000,50136
커플PC방(고급 노하드-배그/넷플릭스),20000,50136
온돌,18000,50136
특실 (넷플릭스),23000,50136
특실(커플PC/고급 노하드-배그/넷플릭스),25000,50136
스탠다드 (페이백),50000,50138
스탠다드,25000,50138
디럭스 A type(단독주차),33800,50138
디럭스 B type(단독주차),36000,50138
오전 무한대실(7시간),45000,50138
1인 출장 스탠다드(1인추가 만원),20000,50138
프리미엄 트윈(단독주차),55000,50138
슈페리어,30000,50138
스탠다드,20000,50139
디럭스,25000,50139
트윈,25000,50139
프리미엄1,30000,50139
프리미엄2,35000,50139
온돌,35000,50139
스탠다드 (페이백),,50139
연화 101호,,50141
 , ,50143
G101,49000,50145
A201,56000,50145
C101,70000,50145
A101,77000,50145
B101,77000,50145
일반,20000,50146
준특실,25000,50146
특실,30000,50146
VIP,40000,50146
 , ,50147
리플리히,86000,50149
스피나토,110000,50149
델리카토,170000,50149
아니마토,180000,50149
"바스룸(입욕제,쑥입욕제)",20000,50152
버블버블룸(고급입욕제),25000,50152
트윈베드룸,25000,50152
TV다시보기룸(넷플릭스),25000,50152
안마힐링룸(안마의자+입욕제),25000,50152
디럭스(트윈)[조식제공],30000,50153
프리미엄[조식제공],30000,50153
프리미엄(배틀그라운드&스파),35000,50153
스위트[조식제공],35000,50153
스탠다드[조식제공] ,20000,50153
디럭스[조식제공],25000,50153
스위트(노래방&스크린영화)[조식제공],45000,50153
 , ,50158
데이지,100000,50160
진달래,100000,50160
장미,130000,50160
튤립,130000,50160
채송화,160000,50160
국화,180000,50160
일반,20000,50161
트윈특실,30000,50161
특실,30000,50161
 , ,50162
 , ,50164
 , ,50165
 , ,50166
 , ,50167
 , ,50169
8.아람,100000,50170
핑크,100000,50170
1.가온,110000,50170
2.누리,110000,50170
3.단비,110000,50170
4.라온,110000,50170
5.미르,110000,50170
6.바오,110000,50170
7.시내,110000,50170
9.토리,110000,50170
그린,130000,50170
레드,130000,50170
옐로우,130000,50170
오렌지,130000,50170
10.한울,160000,50170
데이지,129000,50171
아도니스,129000,50171
아이비,129000,50171
히아신스,129000,50171
별바라기호수,139000,50171
햇살맞이호수,139000,50171
다알리아,200000,50171
특실(침대형),85000,50172
LV1-03,,50175
민트,80000,50180
싱글,110000,50180
타임,140000,50180
쟈스민,170000,50180
로즈마리,230000,50180
스탠다드룸,55000,50183
디럭스룸,79000,50183
럭셔리룸,89000,50183
패밀리룸,129000,50183
패밀리 테라스룸,139000,50183
스탠다드 더블,55000,50184
디럭스 트윈,55000,50184
트리플룸,65000,50184
스위트룸,300000,50184
 , ,50186
스탠다드,20000,50187
디럭스 더블 B,25000,50187
디럭스 더블 A,30000,50187
프리미엄,30000,50187
트윈,55000,50187
ONE.Bed(침대1/2인),,50188
NetFlix.Bed Room,,50188
TWO.Bed(침대2/2인),,50188
Single(1인전용),,50188
침대일반실,20000,50189
별관 트윈실,40000,50189
별관 일반실,40000,50189
케어룸,25000,50189
침대트윈실,25000,50189
별관 쓰리베드,60000,50189
온돌,25000,50190
일반A,25000,50190
일반B,25000,50190
스탠다드,30000,50191
Lovely,80000,50192
Peace,80000,50192
Special,80000,50192
Sweet,80000,50192
Dream,100000,50192
Forever,230000,50192
오늘의특가,20000,50196
스탠다드(도보전용),20000,50196
스탠다드,20000,50196
디럭스,25000,50196
디럭스 트윈,25000,50196
시네마트윈,50000,50196
스탠다드(페이백),,50196
102호,,50200
202호,,50200
203호,,50200
101호,150000,50200
103호,150000,50200
201호,150000,50200
303호,150000,50200
104호,170000,50200
105호,170000,50200
304호,170000,50200
501호,230000,50200
701호,230000,50200
702호,230000,50200
401호,450000,50200
801호,550000,50200
902호,550000,50200
바다3층,200000,50202
바다2층,230000,50202
일반,20000,50204
트윈 특실,30000,50204
한실 온돌,20000,50204
203호 stream,,50206
101호 river,139000,50206
201호 lake,139000,50206
프리미엄(스파),30000,50207
프리미엄 1실1주차(스파),30000,50207
VIP(스타일러),40000,50207
VIP 1실1주차(가족탕/스타일러),40000,50207
VIP 트윈(스타일러),50000,50207
디럭스,25000,50207
디럭스(1실1주차),30000,50207
타임특가,25000,50207
VIP 트윈(스타일러+안마의자),50000,50207
스위트(이벤트/당구룸),50000,50207
스위트 1실1주차(이벤트/당구룸/스타일러 ),50000,50207
VIP(제트스파),50000,50207
"나홀로비즈니스_전객실금연,디럭스기준",,50209
낮잠잘래?(평일12시~20시퇴실),,50209
미드나잇,,50209
카라반 로얄스위트,,50209
디럭스_전객실금연,30000,50209
잠꾸러기_전객실금연,89000,50209
스위트 더블_전객실금연,50000,50209
패밀리 스위트_전객실금연,179000,50209
디럭스(빠른입실/15시입실)_전객실금연,115000,50209
스위트 트윈_전객실금연,120000,50209
카라반 스위트,270000,50209
프리미엄스위트(Twin)_전객실금연,290000,50209
로얄스위트(Twin)_전객실금연,350000,50209
온돌,20000,50211
일반,20000,50211
트윈,20000,50211
특실,20000,50211
가족실,50000,50211
402호,,50212
403호,,50212
405호,,50212
205호,,50212
202호,130000,50212
203호,130000,50212
305호,130000,50212
201호,300000,50212
301호,300000,50212
401호,300000,50212
501호,300000,50212
 , ,50213
일반,20000,50214
케로로,100000,50216
기로로,100000,50216
도로로,100000,50216
쿠루루,100000,50216
타마마,100000,50216
미니룸,18000,50217
배그PC전용_일반(넷플릭스),20000,50217
미니(무한대실),25000,50217
"준특실(배그PC,스타일러,공기청정기,제습기,넷플릭스)",25000,50217
배그PC일반(무한대실),30000,50217
"트윈(배그PC,스타일러,공기청정기,제습기,넷플릭스)",18000,50217
커플배그PC전용_일반(넷플릭스),25000,50217
"특실(배그PC,팬텀안마,스타일러,공기청정기,제습기,넷플릭스)",30000,50217
 , ,50218
해안301,120000,50219
해안302,120000,50219
해안303,120000,50219
해안401,120000,50219
해안402,120000,50219
해안403,120000,50219
해안101,250000,50219
해안201,300000,50219
바다301,120000,50220
바다302,120000,50220
바다303,120000,50220
바다401,120000,50220
바다402,120000,50220
바다403,120000,50220
바다101,250000,50220
바다102,250000,50220
바다103,250000,50220
스탠다드A,20000,50221
스탠다드B,30000,50221
디럭스A,30000,50221
디럭스B,30000,50221
트윈 A,40000,50221
도미토리,40000,50221
한실,40000,50221
트윈 B,40000,50221
로얄스위트,45000,50221
풀빌라,90000,50221
3시간 대실 특가(넷플/객실 랜덤배정),,50222
8시간 무한대실(넷플/디럭스 배정),,50222
낮숙박(예약문자와 무관하게 당일로 이용시간 제한),,50222
24시 STAY(넷플/15-15/24시간호캉스이벤트),,50222
레이트 체크아웃(15시 Late check-out),,50222
Deluxe Double(넷플릭스),50000,50222
"Deluxe Double(레이트체크아웃,넷플릭스)",60000,50222
"Deluxe Double(half ocean-middle,넷플릭스)",80000,50222
"Deluxe Double(half ocean,넷플릭스)",80000,50222
Family Twin(넷플릭스),100000,50222
"Suite(ocean,넷플릭스)",200000,50222
Standard (페이백),40000,50233
Standard,20000,50233
일반실,57000,50237
디럭스,62000,50237
특실,72000,50237
트윈,72000,50237
패밀리룸,180000,50237
 , ,50239
일반,15000,50240
특실,40000,50240
일반 (페이백),,50240
일반(2인기준),20000,50242
트윈(2인기준),60000,50242
잠꾸러기 일반실(퇴실16시),70000,50242
"특실(넷플릭스+스타일러룸,2인기준)",30000,50242
잠꾸러기 특실(퇴실16시),80000,50242
201호,119000,50243
203호,119000,50243
디럭스,25000,50245
웨스트단독독채,220000,50247
거울공주,,50248
B-201호/침실분리형(개별테라스),,50249
A-103호(오션뷰),127200,50249
 , ,50250
 , ,50251
 , ,50253
온돌,,50255
일반,20000,50255
특실,25000,50255
소형실 (온돌),50000,50256
중형실 3호,80000,50256
중형실 6호,80000,50256
중형실 7호,80000,50256
통나무 독채별실2호,80000,50256
통나무 독채별실3호,80000,50256
통나무 독채별실5호,80000,50256
통나무 독채별실 1호,80000,50256
대형실,200000,50256
302호 (오션뷰/침대),110000,50257
303호 (오션뷰/침대),110000,50257
402호 (오션뷰/침대),110000,50257
101호 (오션뷰/침대),110000,50257
102호 (오션뷰/온돌),200000,50257
작은방,30000,50258
양실(큰방),40000,50258
한실(큰방),40000,50258
2층 독채형 1,340000,50259
2층 독채형 2,340000,50259
스탠다드,20000,50261
야간대실,30000,50263
"오늘의 특가방(wifi,전객실 랜덤배정)",20000,50263
"영화보기좋은방3(65인치커브드,NETFLIX)",20000,50263
"일반실(no pc,wifi, 65인치 커브드)",20000,50263
"영화보기좋은방2(65인치커브드,NETFLIX)",20000,50263
준특실(wifi),20000,50263
"커플피씨룸(롤,65인치 커브드,넷플릭스)",45000,50263
"VIP(커플PC,배그)",30000,50263
"영화보기좋은방1(65인치커브드,NETFLIX)",20000,50263
현장결제(오후무한숙박),,50264
일반,20000,50264
미니 온돌,20000,50264
현장결제(오전무한숙박),50000,50264
가람,80000,50267
마루,90000,50267
아람,100000,50267
해오름2,250000,50267
 , ,50269
소낭(15평 독채),60000,50272
매듭달,,50277
푸른달,,50277
노을바다,120000,50278
별빛바다,240000,50278
해송낙원,240000,50278
노을이야기,320000,50278
바다여행,320000,50278
가족여행,450000,50278
 , ,50280
 , ,50283
 , ,50285
 , ,50286
일반,15000,50288
준특실(스타일러),15000,50288
특실(스타일러+안마의자),20000,50288
 , ,50289
 , ,50291
여 름,50000,50293
솔  ,50000,50293
겨 울,70000,50293
봄  ,70000,50293
해  ,90000,50293
별  ,90000,50293
달  ,90000,50293
구 름,90000,50293
바 람,90000,50293
하 늘,120000,50293
구 들,120000,50293
도보전용룸,65000,50298
스탠다드,30000,50298
넷플릭스룸,40000,50298
디럭스,40000,50298
"트윈(2인,금연)",80000,50298
패밀리룸,170000,50298
슈페리어 더블,200000,50299
온돌(2인),,50307
침대C(랜덤객실),,50307
침대E(랜덤객실),,50307
침대D(랜덤객실),,50307
침대G(랜덤객실),,50307
온돌(3인),,50307
대실(ABCDEG랜덤),20000,50307
침대A (랜덤객실),20000,50307
침대B(랜덤객실),35000,50307
일반(온돌),20000,50309
일반(침대),20000,50309
고급실,25000,50309
고급실 (페이백),50000,50309
가족실(침대+온돌),30000,50309
특실,30000,50309
트윈,30000,50309
단체룸A(4인기준),95000,50309
단체룸B(4인기준),125000,50309
일반,50000,50310
일반(온돌),50000,50310
준특실,60000,50310
특실,80000,50310
특실(트윈),80000,50310
퀸201호(2층바다형),60000,50312
퀸202호(2층바다형),60000,50312
퀸203호(2층바다형),60000,50312
퀸204호(2층바다형),60000,50312
퀸205호(2층노자산형),60000,50312
퀸206호(2층노자산형),60000,50312
퀸207호(2층노자산형),60000,50312
퀸208호(2층노자산형),60000,50312
퀸209호(2층노자산형),60000,50312
퀸210호(2층노자산형),60000,50312
퀸501호(5층바다형),80000,50312
퀸502호(5층바다형),80000,50312
퀸503호(5층바다형),80000,50312
퀸504호(5층노자산형),80000,50312
퀸505호(5층노자산형),80000,50312
퀸301호(3층바다형),100000,50312
퀸302호(3층바다형),100000,50312
퀸303호(3층바다형),100000,50312
퀸304호(3층노자산형),100000,50312
퀸305호(3층노자산형),100000,50312
선비방,35000,50313
별채방,35000,50313
마님방,55000,50313
규수방,55000,50313
 , ,50318
PUL 201,80000,50319
PUL 202,80000,50319
PUL 203,80000,50319
PUL 101,130000,50319
PUL 102,130000,50319
PUL 103,130000,50319
PUL 104,130000,50319
SU 102,150000,50319
SU 103,150000,50319
SU 201,170000,50319
SU 101,300000,50319
 LIM 201,350000,50319
LIM 101,400000,50319
아침정원,400000,50321
하나린202,,50322
미리내203,,50322
일반,30000,50326
트윈,35000,50326
VIP,40000,50326
구름,,50332
들꽃,140000,50332
햇살,190000,50332
스탠다드 트리플,440000,50333
 , ,50337
일반(2인기준),30000,50339
특실(2인기준),40000,50339
VIP(2인기준),40000,50339
꽃밭,400000,50341
402(오션뷰),,50344
304(오션뷰),,50344
202(오션뷰),,50344
306,,50344
405,,50344
일반,15000,50346
초특가 할인 객실,15000,50346
특실,20000,50346
트윈,60000,50346
비즈니스룸,70000,50346
"일반:2게임PC(배틀,오버)넷플릭스",22000,50347
VIP:2게임PC.32,27500,50347
VIP트윈:2게임PC.32,30000,50347
특실:2게임PC.32,27500,50347
일반실(온돌),50000,50349
일반실(침대),50000,50349
VIP,90000,50349
VVIP,120000,50349
일반,20000,50352
커플PC,20000,50352
특실,25000,50352
특실 (페이백),,50352
일반,20000,50355
특실,25000,50355
스탠다드,17000,50356
PC+넷플릭스,17000,50356
오션뷰더블(2인),,50357
오션뷰패밀리트윈(3인),,50357
오션뷰온돌(2인),,50357
일반,20000,50369
게임룸,25000,50369
커플PC,25000,50369
VIP룸(안마의자 수리중),30000,50369
일반(ANNE  Event),35000,50369
일반 (페이백),,50369
오늘의 특가(넷플릭스),20000,50370
중간객실(넷플릭스),23000,50370
테라스객실(넷플릭스),23000,50370
넓은객실(넷플릭스),25000,50370
일반객실(넷플릭스),20000,50370
얼리체크인 2PM(일반객실)(넷플릭스),45000,50370
얼리체크인 2PM(넓은객실)(넷플릭스),55000,50370
[2인 조식 패키지] 디럭스 더블,70600,50373
[성인&소아 조식 패키지] 디럭스 패밀리 트윈,82400,50373
[PIC! 여행 패키지] 디럭스 더블 (조식+장기주차5일),94130,50373
[PIC! 여행 패키지] 디럭스 패밀리 트윈 (조식+장기주차5일),105900,50373
[조식&와인 패키지] M 스위트,190600,50373
[PIC! 여행 패키지] M 스위트 (조식+장기주차5일),214120,50373
노천스파3층(랜덤배정),,50374
 , ,50375
일반실A(5성급 호텔침구류),20000,50376
"일반실B(5성급 호텔침구류,LG 퓨리케어공기청정기)",20000,50376
"안마의자(5성급 호텔침구류, LG 안마의자)",25000,50376
"게이밍룸(5성급 호텔침구류,커플PC,넷플릭스)",25000,50376
"트윈룸(5성급 호텔침구류, LG 퓨리케어공기청정기)",25000,50376
패밀리룸(5인기준),59000,50377
싱글룸(전용욕실),29000,50378
여성전용싱글룸(전용욕실),29000,50378
더블룸(전용욕실),36000,50378
 , ,50380
80평독채,520000,50382
일반,25000,50389
특실,30000,50389
일반,22000,50392
넷플릭스,22000,50392
싱글룸,20000,50404
트윈룸,25000,50404
 , ,50405
"디럭스 (울트라 최고 성능 2PC+게이밍 헤드셋+32인치 게이밍 모니터, 2인 스파, 18시 이후 대실 3시간,간편 조식 코너 운영)",25000,50406
"디럭스 VOD패키지(울트라 최고 성능 2PC,극장 동시 상영작,간편 조식 코너 운영)",25000,50406
프리미엄 (페이백),65000,50406
"프리미엄 (울트라 최고 성능 2PC+게이밍 헤드셋+32인치 게이밍 모니터, 2인 스파, 18시 이후 대실 3시간,간편 조식 코너 운영)",30000,50406
"프리미엄 VOD패키지(울트라 최고 성능 2PC,극장 동시 상영작,간편 조식 코너 운영)",30000,50406
프린세스 (페이백),75000,50406
"프리미엄 트윈 (울트라 최고 성능 2PC+게이밍 헤드셋+32인치 게이밍 모니터, 스파, 더블+싱글, 18시 이후 대실 3시간,간편 조식 코너 운영)",40000,50406
"프린세스 (울트라 최고 성능 2PC+게이밍 헤드셋+32인치 게이밍 모니터, 스파, 18시 이후 대실 3시간,간편 조식 코너 운영)",35000,50406
"프리미엄 (안마의자, 울트라 최고 성능 2PC+게이밍 헤드셋+32인치 게이밍 모니터, 2인 스파, 18시 이후 대실 3시간,간편 조식 코너 운영)",35000,50406
"VVIP (사우나, 울트라 최고 성능 2PC+게이밍 헤드셋+32인치 게이밍 모니터, 2인 스파, 18시 이후 대실 3시간,간편 조식 코너 운영)",35000,50406
"로얄스위트 멀티 패밀리룸 (울트라 최고 성능 4PC+2룸+거실+화장실+게이밍 헤드셋+ 게이밍 모니터,간편 조식 코너 운영)",80000,50406
 , ,50411
여성 6인 도미토리,30000,50412
남성 6인 도미토리,30000,50412
여성 4인 도미토리,36000,50412
남성 4인 도미토리,36000,50412
더블룸,90000,50412
일반,100000,50415
준특실,110000,50415
온돌,60000,50415
특실,120000,50415
스탠다드 미니,30000,50418
스탠다드(작은방),20000,50418
디럭스(큰방),25000,50418
"온돌(욕조,큰방)",40000,50418
"온돌(욕조,작은방)",35000,50418
"특실(사우나,욕조,패밀리)",55000,50418
 , ,50421
일반실(침대),30000,50425
온돌(일반),20000,50425
트윈객실,30000,50425
일반실(특) ,50000,50425
가족룸,90000,50425
일반실(침대) (페이백),,50425
디럭스(2인),40000,50426
트윈베드룸(싱글+싱글),92000,50426
킹+싱글(3인),110000,50426
킹+킹베킹(4인),130000,50426
일반,20000,50427
온돌,20000,50427
단체,20000,50427
일반(호수전망),40000,50428
일반(바다전망),50000,50428
스탠다드,20000,50431
한실,20000,50431
디럭스,30000,50431
패밀리룸,30000,50431
트윈,30000,50431
디럭스,70000,50433
트윈,80000,50433
스위트,120000,50433
온돌,80000,50433
스페셜(이벤트룸),170000,50433
일반,50000,50434
디럭스,55000,50434
"비즈니스 (스타일러, 더블+싱글 침대)",65000,50434
"스위트 (스타일러, 공기청정기, 더블+싱글 침대)",75000,50434
"로얄스위트 (공기청정기, 스타일러)",85000,50434
펜트하우스,220000,50434
로얄 펜트하우스(정원4인),330000,50434
BangCok 디럭스(조식포함/LG55인치/넷플릭스),25000,50438
디럭스 트윈,,50438
스탠다드,50000,50438
디럭스,20000,50438
프리미엄 오션(조식포함/돌체구스토 커피/LG55인치/넷플릭스),70000,50438
프리미엄(조식포함/삼성 에어드례서/세스코 공기청정기/LG55인치/넷플릭스),70000,50438
프리미엄 디럭스 트윈(더블+싱글),80000,50438
BangCok 3박 4일 패키지,120000,50438
프리미엄 스위트(더블+더블) ,160000,50438
콘도 미니엄(더블+더블),160000,50438
BangCok 5박 5일 패키지,200000,50438
일반,25000,50441
준특실B,40000,50441
준특실A,40000,50441
특실C,40000,50441
특실B,40000,50441
특실A,40000,50441
 , ,50442
 , ,50448
"스탠다드(조식불포함,엘레자 라텍스침대)",25000,50451
"디럭스(조식불포함,엘레자 라텍스침대)",20000,50451
"프리미엄(조식불포함,스타일러,엘레자 라텍스침대)",30000,50451
"프리미엄 트윈(조식불포함,스타일러,엘레자 라텍스침대)",65000,50451
"스위트(조식불포함,스타일러,엘레자 라텍스침대))",70000,50451
빠른입실 스탠다드,20000,50451
늦은퇴실 스탠다드(조식불포함),20000,50451
빠른입실 디럭스,20000,50451
"스위트 트윈(조식불포함,스타일러,엘레자 라텍스침대)",75000,50451
"스탠다드(조식포함,엘레자 라텍스침대)",20000,50451
"디럭스(조식포함,엘레자 라텍스침대)",20000,50451
"프리미엄(조식포함,스타일러,엘레자 라텍스침대)",25000,50451
"프리미엄 트윈(조식포함,스타일러,엘레자 라텍스침대)",30000,50451
"스위트(조식포함,스타일러,엘레자 라텍스침대)",30000,50451
"스위트 트윈(조식포함,스타일러,엘레자 라텍스침대)",40000,50451
"로얄스위트(조식불포함,트윈,스타일러,엘레자 라텍스침대))",94000,50451
"로얄스위트(조식포함,트윈,스타일러,엘레자 라텍스침대))",40000,50451
203호 / 온돌 (가족실),80000,50452
302호 / 침대 (더블),90000,50452
205호 / 온돌 (가족실),100000,50452
202호 (카사노바)	,140000,50453
203호 (편백)	,140000,50453
204호 (골드),140000,50453
205호 (메리골드),140000,50453
206호 (프라다B),140000,50453
301호 (편백)	,160000,50453
준특실,15000,50454
특실,20000,50454
여성 싱글 캡슐 룸,19900,50456
남성 싱글 캡슐 룸,23900,50456
패밀리 캡슐 룸,70000,50456
독채(전체),450000,50456
세미 디럭스 (페이백),45000,50458
세미 디럭스,20000,50458
세미 디럭스(무비룸),45000,50458
디럭스(욕조),25000,50458
디럭스(무비룸),50000,50458
스탠다드,20000,50458
프리미엄(트윈 욕조),35000,50458
 , ,50459
일반,40000,50461
특실 (페이백),50000,50461
특실,50000,50461
일반,20000,50462
드라이브인,30000,50462
특실 (페이백),60000,50462
특실,30000,50462
일반 (페이백),40000,50463
일반,40000,50463
일반(이벤트룸),40000,50463
온돌,50000,50463
특실,50000,50463
트윈,,50463
일반,22000,50464
특실,22000,50464
트윈,22000,50464
온돌,22000,50464
일반,30000,50466
트윈,50000,50466
일반 (페이백),,50466
일반 (페이백),50000,50468
일반,50000,50468
특실,60000,50468
트윈,70000,50468
세미 스탠다드(넷플릭스),20000,50469
금연룸-흡연시 강제퇴실(넷플릭스),20000,50469
스탠다드(넷플릭스),20000,50469
디럭스(스타일러),50000,50469
디럭스 트윈(넷플릭스),55000,50469
"디럭스(고사양PC,넷플릭스)",25000,50469
무한대실+얼리체크인(넷플릭스),38000,50469
"프리미엄 디럭스(넷플릭스, 스타일러, 고사양PC)",20000,50469
고사양 커플PC(넷플릭스),35000,50469
"VIP(넷플릭스, 안마의자, 스타일러)",35000,50469
"프리미엄트윈(넷플릭스,미니안마의자)",70000,50469
"VVIP(넷플릭스, 안마의자, 스타일러) ",40000,50469
스탠다드,35000,50470
디럭스,40000,50470
온돌,40000,50470
트윈룸,45000,50470
커플PC룸,45000,50470
단체온돌룸(4인기준),70000,50470
일반실(온돌) (페이백),40000,50471
일반실(침대),40000,50471
일반실(온돌),40000,50471
가족방,120000,50471
디럭스(1실1주차),30000,50475
스탠다드,20000,50475
Event Room(파티룸),35000,50475
Spa Room(스파룸),35000,50475
Game Room(게임룸),40000,50475
일반(주차가능),,50477
일반(도보전용),25000,50477
일반(도보전용) (페이백),,50477
특실 (페이백),60000,50478
특실,60000,50478
일반,60000,50478
디럭스(배그 PC),20000,50479
프리미엄(커플배그PC),30000,50479
"스위트(배그pc,스타일러,공기청정기)",30000,50479
스탠다드,20000,50479
트윈(커플배그PC),30000,50479
트윈 단체룸,40000,50479
일반 (페이백),31000,50480
일반,31000,50480
특실,41000,50480
일반,20000,50484
온돌,30000,50484
트윈,37000,50484
Room B(넷플릭스),20000,50485
Twin bedroom B(넷플릭스),50000,50485
Twin bedroom A(넷플릭스),55000,50485
Room A(넷플릭스),25000,50485
온돌,45000,50485
Room B,20000,50485
일반,15000,50486
트윈,25000,50486
한실,,50494
일반(침대),20000,50494
일반 (페이백),40000,50495
일반,20000,50495
일반,20000,50497
온돌,20000,50497
트윈,20000,50497
특실,45000,50497
금연실 이벤트룸 (페이백),80000,50497
금연룸,20000,50497
금연실 이벤트룸,80000,50497
일반,15000,50498
트윈베드,25000,50498
안마의자,20000,50498
게임 커플 PC룸,20000,50498
커플PC트윈베드(더블베드+싱글베드),20000,50498
일반,15000,50499
전망A,35000,50499
트윈(더블+싱글),40000,50499
트윈(싱글+싱글),40000,50499
전망B(더블+더블),45000,50499
Standard얼리체크인,,50500
Standard롱타임,,50500
Deluxe얼리체크인,,50500
"Standard 프리미엄  얼리체크인[넷플릭스 ,PC랜덤 배정 ]",,50500
"Standard 프리미엄  롱타임  [넷플릭스 ,PC랜덤 배정 ]",,50500
Deluxe롱타임,,50500
"Deluxe 프리미엄 얼리체크인 [넷플릭스 ,PC랜덤 배정 ]",,50500
"Deluxe 프리미엄 롱타임 [넷플릭스 ,PC랜덤 배정 ]",,50500
"Suite얼리체크인(안마의자, 패밀리룸, 고사양PC, 넷플릭스 중 랜덤)",,50500
Jbis Royal suite VIP(얼리체크인),,50500
Standard,30000,50500
"Standard 프리미엄[ 넷플릭스, PC랜덤 배정 ]",60000,50500
Deluxe,35000,50500
"Deluxe 프리미엄[넷플릭스 ,PC랜덤 배정 ]",65000,50500
" Suite넷플릭스(25,000편 컨텐츠,트윈베드,2인스파욕조)",100000,50500
"Suite안마의자+스파(최상위 안마의자,2인스파욕조)",100000,50500
"Suite 패밀리+스파(트윈베드, 2인스파욕조,전자렌지)",100000,50500
" Suite커플PC(인텔코어 is 9세대 RX570 게이밍 16GB메모리, 커브드모니터,PC방의자, 게이밍헤드셋)",100000,50500
Jbis Royal suite VIP,60000,50500
일반,20000,50502
일반 (페이백),,50502
일반,20000,50505
일반실,20000,50508
침실룸,25000,50510
온돌,25000,50510
일반 (페이백),50000,50512
일반,50000,50512
투베드,65000,50512
트윈,65000,50512
특대,70000,50512
특가 비지니스룸(1인기준),15000,50513
STANDARD,17000,50513
온돌,20000,50513
K룸,20000,50513
트윈,25000,50513
얼리룸 (페이백),100000,50513
얼리룸,100000,50513
일반(2인),30000,50514
특실,50000,50514
일반(2인) (페이백),,50514
특실,,50515
일반,20000,50515
일반,30000,50518
준특실,30000,50518
특실,40000,50518
트윈,22000,50520
특실,30000,50520
더블,22000,50520
VIP,40000,50520
 , ,50521
디럭스 더블,65000,50524
디럭스 트윈,65000,50524
디럭스 시티뷰,70000,50524
스위트,80000,50524
 , ,50525
 , ,50527
스탠다드 더블,60000,50529
클린 에어 스탠다드,70000,50529
디럭스 트윈,80000,50529
패밀리 트윈,100000,50529
12평형(침대),120000,50531
일반(대실),20000,50536
무한대실(9시간),30000,50536
일반(숙박),45000,50536
일반,40000,50538
특실 (페이백),50000,50538
특실,50000,50538
 , ,50539
트윈,,50540
일반 (페이백),45000,50540
일반,,50540
특실,,50540
 , ,50541
 , ,50542
 , ,50543
301호(클리어),250000,50544
302호(가넷),250000,50544
일반 (페이백),35000,50545
일반,35000,50545
온돌,35000,50545
옥탑방(온돌),100000,50546
온돌방,100000,50546
일반실(오션뷰),30000,50546
준특실(오션뷰),30000,50546
특실(오션뷰/트윈),45000,50546
일반B,25000,50550
한실,60000,50550
일반A,30000,50550
일반C,60000,50550
트윈,60000,50550
가족 더블,120000,50550
가족 트윈,140000,50550
2인 호수 테라스 (3층),90000,50551
2인 호수 테라스 (2층),55000,50551
2인 스탠다드,60000,50551
2인 바다,60000,50551
2인 바다테라스,70000,50551
4인 디럭스 더블 트윈 (호수),100000,50551
4인 스위트 더블 트윈 (바다),120000,50551
트윈 온돌,,50552
디럭스A(1객실1주차),30000,50552
디럭스B(1객실1주차),30000,50552
디럭스C(1객실1주차),30000,50552
디럭스D(1객실1주차),30000,50552
디럭스E(1객실1주차),30000,50552
스탠다드,30000,50552
온돌(3인기준),70000,50552
피에스타,99000,50553
 , ,50555
화이트,,50556
그린,,50556
퍼플,,50556
블루,150000,50556
머큐리,350000,50556
비너스,350000,50556
쥬피터,350000,50556
우라노스,350000,50556
남성 6인 도미토리,24000,50563
여성 6인 도미토리,24000,50563
여성 4인 도미토리,28000,50563
남성 4인 도미토리,28000,50563
" 2인(커플,가족) 도미토리",75000,50563
무한대실(일반실),25000,50568
무한대실(배그2PC),30000,50568
일반룸,15000,50568
배틀그라운드 1PC,17000,50568
배틀그라운드 2PC,20000,50568
트윈룸(더블2+싱글1),50000,50568
 , ,50572
일반(침대),20000,50574
일반(온돌),20000,50574
일반 (페이백),40000,50576
일반,40000,50576
 , ,50577
 , ,50579
낮숙박(23시 퇴실기준),50000,50586
무한대실(VIP),40000,50586
무한대실(디럭스),35000,50586
무한대실(스탠다드),20000,50586
스탠다드,20000,50586
레이트체크인,40000,50586
디럭스,25000,50586
금연객실(디럭스),25000,50586
NETFLIX ROOM,25000,50586
VIP(스타일러),30000,50586
트윈,30000,50586
펜트하우스,200000,50586
디럭스 (페이백),,50586
 , ,50588
102호 능쟁이,100000,50596
103호 황발이,130000,50596
201호 똘쟁이,130000,50596
101호 박하지,170000,50596
Standard,20000,50599
Deluxe,25000,50599
VIP트윈,30000,50599
VIP더블,30000,50599
Standard(Full Day),50000,50599
가족실(4인기준),50000,50599
쟈스민(커플룸),85000,50609
일반,35000,50611
한실,35000,50611
특실,40000,50611
트윈,35000,50611
3A,,50620
 , ,50623
프리미엄(트윈),30000,50629
스탠다드,20000,50629
디럭스,25000,50629
애견동반룸-디럭스,25000,50629
프리미엄(패밀리 룸),145000,50629
디럭스 (페이백),,50629
Standard(스타일러),30000,50630
Standard,30000,50630
특실 A,140000,50630
VIP,160000,50630
 , ,50632
 , ,50633
남성 4인 도미토리,20000,50634
여성 4인 도미토리,20000,50634
스탠다드더블,55000,50634
스탠다드 트윈,55000,50634
슈페리어 트윈,65000,50634
디럭스 트리플,65000,50634
일반,18000,50636
준특실,20000,50636
패밀리 룸 4(2층침대),60000,50647
커플 룸 1,60000,50647
커플 룸 2,60000,50647
커플 룸 3,60000,50647
패밀리 룸 1,70000,50647
패밀리 룸 2,70000,50647
패밀리 룸 3,70000,50647
패밀리 룸 5(2층침대),75000,50647
패밀리 룸 6(2층침대),90000,50647
더블A [2인/3인] ,40000,50650
더블B [2인/3인] ,40000,50650
더블C [2인/3인],45000,50650
더블D [2인/3인] ,45000,50650
트윈A [2인/2인] ,45000,50650
트윈C [2인/2인] ,45000,50650
트윈D [2인/3인] ,45000,50650
트리플C [2인/3인],50000,50650
트윈B [2인/2인] ,50000,50650
트리플A [2인/3인] ,50000,50650
트리플B [2인/3인] ,55000,50650
 쿼드룸 [3인/4인],70000,50650
[4인 단독/혼성] 패밀리벙커,85000,50650
일반(미니),20000,50654
일반,20000,50654
온돌,50000,50654
트윈,60000,50654
 , ,50656
 , ,50657
일반,20000,50658
특실,25000,50658
무한대실(드라이브인),35000,50660
프리미엄 스페셜1(드라이브인),30000,50660
프리미엄 스위트 A,45000,50660
일반(드라이브인),25000,50660
한실,60000,50660
특실 트윈(기준 인원 2인/최대3인),60000,50660
프리미엄 스페셜(드라이브인),30000,50660
패밀리 프리미엄(최대인원 3인),70000,50660
프리미엄 스위트 B,50000,50660
프리미엄 스페셜,30000,50660
일반,25000,50661
특실,25000,50661
스탠다드 트윈,20000,50663
스탠다드 더블,20000,50663
디럭스 더블,25000,50663
디럭스 트윈,25000,50663
트리플,40000,50663
온돌방,130000,50663
로얄 트윈,30000,50663
로얄 패밀리C,90000,50663
로얄 패밀리A,60000,50663
로얄 패밀리B,60000,50663
일반,30000,50667
온돌,40000,50667
특실(트윈),60000,50667
VIP실,70000,50667
온돌 큰방(4인기준),70000,50667
일반 (페이백),,50667
특실(트윈) (페이백),,50667
일반,20000,50673
스탠다드,30000,50679
프리미엄B,35000,50679
"프리미엄A(투베드,3인)",35000,50679
 , ,50686
 , ,50687
 , ,50688
 , ,50689
스탠다드 더블,60000,50693
스탠다드 트윈,60000,50693
디럭스 트윈,70000,50693
105,100000,50694
205,100000,50694
305,100000,50694
405,100000,50694
104,160000,50694
204,160000,50694
304,160000,50694
404,160000,50694
206,220000,50694
306,220000,50694
406,220000,50694
101,240000,50694
102,240000,50694
103,240000,50694
201,240000,50694
202,240000,50694
203,240000,50694
301,240000,50694
302,240000,50694
303,240000,50694
401,240000,50694
402,240000,50694
403,240000,50694
일반,20000,50697
준특실,20000,50697
특실,20000,50697
 , ,50699
